{
  "despesas": [
    {
      "id": 1,
      "descricao": "Clube",
      "categoria": "Lazer",
      "valor": 76.71,
      "mes": "2020-11",
      "dia": "26"
    },
    {
      "id": 2,
      "descricao": "Padaria",
      "categoria": "Alimentação",
      "valor": 33.19,
      "mes": "2021-06",
      "dia": "14"
    },
    {
      "id": 3,
      "descricao": "Restaurante",
      "categoria": "Alimentação",
      "valor": 100.44,
      "mes": "2021-04",
      "dia": "03"
    },
    {
      "id": 4,
      "descricao": "Gasolina",
      "categoria": "Transporte",
      "valor": 201.13,
      "mes": "2020-11",
      "dia": "05"
    },
    {
      "id": 5,
      "descricao": "Padaria",
      "categoria": "Alimentação",
      "valor": 15.96,
      "mes": "2020-07",
      "dia": "05"
    },
    {
      "id": 6,
      "descricao": "Consulta médica",
      "categoria": "Saúde",
      "valor": 280.3,
      "mes": "2021-05",
      "dia": "01"
    },
    {
      "id": 7,
      "descricao": "Clube",
      "categoria": "Lazer",
      "valor": 120.19,
      "mes": "2021-02",
      "dia": "22"
    },
    {
      "id": 8,
      "descricao": "Restaurante",
      "categoria": "Alimentação",
      "valor": 21.39,
      "mes": "2021-05",
      "dia": "03"
    },
    {
      "id": 9,
      "descricao": "Academia",
      "categoria": "Saúde",
      "valor": 52.4,
      "mes": "2020-06",
      "dia": "13"
    },
    {
      "id": 10,
      "descricao": "Compra no IFood",
      "categoria": "Alimentação",
      "valor": 24.83,
      "mes": "2020-09",
      "dia": "27"
    },
    {
      "id": 11,
      "descricao": "Compra no shopping",
      "categoria": "Lazer",
      "valor": 215.84,
      "mes": "2021-03",
      "dia": "05"
    },
    {
      "id": 12,
      "descricao": "Gasolina",
      "categoria": "Transporte",
      "valor": 123.38,
      "mes": "2021-05",
      "dia": "23"
    },
    {
      "id": 13,
      "descricao": "Restaurante",
      "categoria": "Alimentação",
      "valor": 52.7,
      "mes": "2021-03",
      "dia": "24"
    },
    {
      "id": 14,
      "descricao": "Restaurante",
      "categoria": "Alimentação",
      "valor": 98.45,
      "mes": "2020-07",
      "dia": "12"
    },
    {
      "id": 15,
      "descricao": "Gasolina",
      "categoria": "Transporte",
      "valor": 76.55,
      "mes": "2020-10",
      "dia": "26"
    },
    {
      "id": 16,
      "descricao": "Padaria",
      "categoria": "Alimentação",
      "valor": 18.96,
      "mes": "2020-12",
      "dia": "09"
    },
    {
      "id": 17,
      "descricao": "Restaurante",
      "categoria": "Alimentação",
      "valor": 92.67,
      "mes": "2020-09",
      "dia": "24"
    },
    {
      "id": 18,
      "descricao": "Cinema",
      "categoria": "Lazer",
      "valor": 49.38,
      "mes": "2020-08",
      "dia": "03"
    },
    {
      "id": 19,
      "descricao": "Conta do buteco",
      "categoria": "Lazer",
      "valor": 98.11,
      "mes": "2020-07",
      "dia": "16"
    },
    {
      "id": 20,
      "descricao": "Padaria",
      "categoria": "Alimentação",
      "valor": 16.97,
      "mes": "2021-06",
      "dia": "14"
    },
    {
      "id": 21,
      "descricao": "Academia",
      "categoria": "Saúde",
      "valor": 124.56,
      "mes": "2021-02",
      "dia": "16"
    },
    {
      "id": 22,
      "descricao": "Farmácia",
      "categoria": "Saúde",
      "valor": 108.8,
      "mes": "2020-12",
      "dia": "13"
    },
    {
      "id": 23,
      "descricao": "Academia",
      "categoria": "Saúde",
      "valor": 72.91,
      "mes": "2020-11",
      "dia": "29"
    },
    {
      "id": 24,
      "descricao": "Padaria",
      "categoria": "Alimentação",
      "valor": 22.68,
      "mes": "2020-07",
      "dia": "14"
    },
    {
      "id": 25,
      "descricao": "Consulta médica",
      "categoria": "Saúde",
      "valor": 285.56,
      "mes": "2020-10",
      "dia": "29"
    },
    {
      "id": 26,
      "descricao": "Gasolina",
      "categoria": "Transporte",
      "valor": 118.07,
      "mes": "2020-11",
      "dia": "06"
    },
    {
      "id": 27,
      "descricao": "Supermercado",
      "categoria": "Alimentação",
      "valor": 376.18,
      "mes": "2020-11",
      "dia": "05"
    },
    {
      "id": 28,
      "descricao": "Aluguel",
      "categoria": "Moradia",
      "valor": 1985.26,
      "mes": "2020-07",
      "dia": "02"
    },
    {
      "id": 29,
      "descricao": "Supermercado",
      "categoria": "Alimentação",
      "valor": 258.21,
      "mes": "2020-09",
      "dia": "21"
    },
    {
      "id": 30,
      "descricao": "Churrasco",
      "categoria": "Lazer",
      "valor": 31.21,
      "mes": "2020-09",
      "dia": "13"
    },
    {
      "id": 31,
      "descricao": "Seguro",
      "categoria": "Transporte",
      "valor": 701.52,
      "mes": "2020-07",
      "dia": "21"
    },
    {
      "id": 32,
      "descricao": "Padaria",
      "categoria": "Alimentação",
      "valor": 3.49,
      "mes": "2021-02",
      "dia": "25"
    },
    {
      "id": 33,
      "descricao": "Supermercado",
      "categoria": "Alimentação",
      "valor": 401.54,
      "mes": "2021-01",
      "dia": "28"
    },
    {
      "id": 34,
      "descricao": "Churrasco",
      "categoria": "Lazer",
      "valor": 54.4,
      "mes": "2021-03",
      "dia": "05"
    },
    {
      "id": 35,
      "descricao": "Restaurante",
      "categoria": "Alimentação",
      "valor": 167.29,
      "mes": "2021-03",
      "dia": "13"
    },
    {
      "id": 36,
      "descricao": "Compra no IFood",
      "categoria": "Alimentação",
      "valor": 49.18,
      "mes": "2021-06",
      "dia": "28"
    },
    {
      "id": 37,
      "descricao": "Seguro",
      "categoria": "Transporte",
      "valor": 614.34,
      "mes": "2020-06",
      "dia": "03"
    },
    {
      "id": 38,
      "descricao": "Padaria",
      "categoria": "Alimentação",
      "valor": 31.07,
      "mes": "2020-09",
      "dia": "29"
    },
    {
      "id": 39,
      "descricao": "Conta do buteco",
      "categoria": "Lazer",
      "valor": 38.15,
      "mes": "2021-01",
      "dia": "23"
    },
    {
      "id": 40,
      "descricao": "Compra no IFood",
      "categoria": "Alimentação",
      "valor": 54.28,
      "mes": "2020-08",
      "dia": "09"
    },
    {
      "id": 41,
      "descricao": "Conta de luz",
      "categoria": "Moradia",
      "valor": 256.68,
      "mes": "2021-02",
      "dia": "10"
    },
    {
      "id": 42,
      "descricao": "Restaurante",
      "categoria": "Alimentação",
      "valor": 88.83,
      "mes": "2020-08",
      "dia": "08"
    },
    {
      "id": 43,
      "descricao": "Padaria",
      "categoria": "Alimentação",
      "valor": 59.32,
      "mes": "2021-05",
      "dia": "29"
    },
    {
      "id": 44,
      "descricao": "Padaria",
      "categoria": "Alimentação",
      "valor": 21.47,
      "mes": "2020-09",
      "dia": "13"
    },
    {
      "id": 45,
      "descricao": "Farmácia",
      "categoria": "Saúde",
      "valor": 134.8,
      "mes": "2020-12",
      "dia": "18"
    },
    {
      "id": 46,
      "descricao": "Academia",
      "categoria": "Saúde",
      "valor": 76.76,
      "mes": "2020-11",
      "dia": "01"
    },
    {
      "id": 47,
      "descricao": "Padaria",
      "categoria": "Alimentação",
      "valor": 25.24,
      "mes": "2021-02",
      "dia": "21"
    },
    {
      "id": 48,
      "descricao": "Restaurante",
      "categoria": "Alimentação",
      "valor": 68.93,
      "mes": "2021-03",
      "dia": "15"
    },
    {
      "id": 49,
      "descricao": "Restaurante",
      "categoria": "Alimentação",
      "valor": 1.88,
      "mes": "2021-04",
      "dia": "10"
    },
    {
      "id": 50,
      "descricao": "Restaurante",
      "categoria": "Alimentação",
      "valor": 73.02,
      "mes": "2020-11",
      "dia": "22"
    },
    {
      "id": 51,
      "descricao": "Restaurante",
      "categoria": "Alimentação",
      "valor": 118.54,
      "mes": "2020-09",
      "dia": "12"
    },
    {
      "id": 52,
      "descricao": "Restaurante",
      "categoria": "Alimentação",
      "valor": 26.86,
      "mes": "2021-02",
      "dia": "18"
    },
    {
      "id": 53,
      "descricao": "Restaurante",
      "categoria": "Alimentação",
      "valor": 70.96,
      "mes": "2020-07",
      "dia": "24"
    },
    {
      "id": 54,
      "descricao": "Restaurante",
      "categoria": "Alimentação",
      "valor": 88.97,
      "mes": "2021-05",
      "dia": "18"
    },
    {
      "id": 55,
      "descricao": "Restaurante",
      "categoria": "Alimentação",
      "valor": 63.21,
      "mes": "2021-01",
      "dia": "05"
    },
    {
      "id": 56,
      "descricao": "Compra no IFood",
      "categoria": "Alimentação",
      "valor": 69.76,
      "mes": "2020-08",
      "dia": "16"
    },
    {
      "id": 57,
      "descricao": "Clube",
      "categoria": "Lazer",
      "valor": 90.73,
      "mes": "2021-04",
      "dia": "15"
    },
    {
      "id": 58,
      "descricao": "Farmácia",
      "categoria": "Saúde",
      "valor": 81.83,
      "mes": "2021-05",
      "dia": "20"
    },
    {
      "id": 59,
      "descricao": "Padaria",
      "categoria": "Alimentação",
      "valor": 21.33,
      "mes": "2020-12",
      "dia": "26"
    },
    {
      "id": 60,
      "descricao": "Compra no IFood",
      "categoria": "Alimentação",
      "valor": 24.75,
      "mes": "2020-10",
      "dia": "03"
    },
    {
      "id": 61,
      "descricao": "Supermercado",
      "categoria": "Alimentação",
      "valor": 421.56,
      "mes": "2020-12",
      "dia": "23"
    },
    {
      "id": 62,
      "descricao": "Padaria",
      "categoria": "Alimentação",
      "valor": 32.42,
      "mes": "2021-05",
      "dia": "27"
    },
    {
      "id": 63,
      "descricao": "Restaurante",
      "categoria": "Alimentação",
      "valor": 78.19,
      "mes": "2020-11",
      "dia": "26"
    },
    {
      "id": 64,
      "descricao": "Supermercado",
      "categoria": "Alimentação",
      "valor": 248.52,
      "mes": "2020-10",
      "dia": "23"
    },
    {
      "id": 65,
      "descricao": "Restaurante",
      "categoria": "Alimentação",
      "valor": 50.24,
      "mes": "2020-12",
      "dia": "10"
    },
    {
      "id": 66,
      "descricao": "Conta do buteco",
      "categoria": "Lazer",
      "valor": 152.45,
      "mes": "2021-05",
      "dia": "14"
    },
    {
      "id": 67,
      "descricao": "Farmácia",
      "categoria": "Saúde",
      "valor": 155.89,
      "mes": "2020-12",
      "dia": "08"
    },
    {
      "id": 68,
      "descricao": "Conta do buteco",
      "categoria": "Lazer",
      "valor": 89.17,
      "mes": "2021-04",
      "dia": "11"
    },
    {
      "id": 69,
      "descricao": "Conta de luz",
      "categoria": "Moradia",
      "valor": 160.09,
      "mes": "2020-11",
      "dia": "13"
    },
    {
      "id": 70,
      "descricao": "Restaurante",
      "categoria": "Alimentação",
      "valor": 29.59,
      "mes": "2020-06",
      "dia": "14"
    },
    {
      "id": 71,
      "descricao": "Gasolina",
      "categoria": "Transporte",
      "valor": 80.47,
      "mes": "2020-12",
      "dia": "25"
    },
    {
      "id": 72,
      "descricao": "Compra no IFood",
      "categoria": "Alimentação",
      "valor": 55.8,
      "mes": "2020-09",
      "dia": "14"
    },
    {
      "id": 73,
      "descricao": "Academia",
      "categoria": "Saúde",
      "valor": 109.61,
      "mes": "2021-01",
      "dia": "29"
    },
    {
      "id": 74,
      "descricao": "Restaurante",
      "categoria": "Alimentação",
      "valor": 85.69,
      "mes": "2020-09",
      "dia": "24"
    },
    {
      "id": 75,
      "descricao": "Gasolina",
      "categoria": "Transporte",
      "valor": 131.85,
      "mes": "2021-06",
      "dia": "26"
    },
    {
      "id": 76,
      "descricao": "Consulta médica",
      "categoria": "Saúde",
      "valor": 233.46,
      "mes": "2021-03",
      "dia": "06"
    },
    {
      "id": 77,
      "descricao": "Seguro",
      "categoria": "Transporte",
      "valor": 232.11,
      "mes": "2020-06",
      "dia": "13"
    },
    {
      "id": 78,
      "descricao": "Conta de luz",
      "categoria": "Moradia",
      "valor": 328.01,
      "mes": "2020-10",
      "dia": "07"
    },
    {
      "id": 79,
      "descricao": "Restaurante",
      "categoria": "Alimentação",
      "valor": 85.68,
      "mes": "2021-04",
      "dia": "24"
    },
    {
      "id": 80,
      "descricao": "Padaria",
      "categoria": "Alimentação",
      "valor": 31.09,
      "mes": "2020-07",
      "dia": "11"
    },
    {
      "id": 81,
      "descricao": "Padaria",
      "categoria": "Alimentação",
      "valor": 34.37,
      "mes": "2021-06",
      "dia": "26"
    },
    {
      "id": 82,
      "descricao": "Restaurante",
      "categoria": "Alimentação",
      "valor": 54.76,
      "mes": "2020-11",
      "dia": "30"
    },
    {
      "id": 83,
      "descricao": "Conta de água",
      "categoria": "Moradia",
      "valor": 48.28,
      "mes": "2020-08",
      "dia": "26"
    },
    {
      "id": 84,
      "descricao": "Conta de luz",
      "categoria": "Moradia",
      "valor": 217.51,
      "mes": "2021-05",
      "dia": "14"
    },
    {
      "id": 85,
      "descricao": "Padaria",
      "categoria": "Alimentação",
      "valor": 10.67,
      "mes": "2020-09",
      "dia": "04"
    },
    {
      "id": 86,
      "descricao": "Padaria",
      "categoria": "Alimentação",
      "valor": 24.22,
      "mes": "2021-06",
      "dia": "02"
    },
    {
      "id": 87,
      "descricao": "Farmácia",
      "categoria": "Saúde",
      "valor": 245.5,
      "mes": "2020-06",
      "dia": "03"
    },
    {
      "id": 88,
      "descricao": "Supermercado",
      "categoria": "Alimentação",
      "valor": 186.03,
      "mes": "2021-04",
      "dia": "03"
    },
    {
      "id": 89,
      "descricao": "Seguro",
      "categoria": "Transporte",
      "valor": 585.45,
      "mes": "2020-08",
      "dia": "17"
    },
    {
      "id": 90,
      "descricao": "Gasolina",
      "categoria": "Transporte",
      "valor": 167.82,
      "mes": "2021-04",
      "dia": "29"
    },
    {
      "id": 91,
      "descricao": "Seguro",
      "categoria": "Transporte",
      "valor": 634.63,
      "mes": "2021-06",
      "dia": "19"
    },
    {
      "id": 92,
      "descricao": "Cinema",
      "categoria": "Lazer",
      "valor": 19.08,
      "mes": "2021-03",
      "dia": "06"
    },
    {
      "id": 93,
      "descricao": "Gasolina",
      "categoria": "Transporte",
      "valor": 116.76,
      "mes": "2021-04",
      "dia": "07"
    },
    {
      "id": 94,
      "descricao": "Padaria",
      "categoria": "Alimentação",
      "valor": 21.17,
      "mes": "2020-07",
      "dia": "18"
    },
    {
      "id": 95,
      "descricao": "Gasolina",
      "categoria": "Transporte",
      "valor": 185.54,
      "mes": "2020-09",
      "dia": "12"
    },
    {
      "id": 96,
      "descricao": "Restaurante",
      "categoria": "Alimentação",
      "valor": 106.72,
      "mes": "2021-01",
      "dia": "03"
    },
    {
      "id": 97,
      "descricao": "Restaurante",
      "categoria": "Alimentação",
      "valor": 26.33,
      "mes": "2021-04",
      "dia": "05"
    },
    {
      "id": 98,
      "descricao": "Gasolina",
      "categoria": "Transporte",
      "valor": 69.65,
      "mes": "2021-05",
      "dia": "21"
    },
    {
      "id": 99,
      "descricao": "Padaria",
      "categoria": "Alimentação",
      "valor": 36.59,
      "mes": "2020-07",
      "dia": "13"
    },
    {
      "id": 100,
      "descricao": "Restaurante",
      "categoria": "Alimentação",
      "valor": 76.5,
      "mes": "2021-03",
      "dia": "25"
    },
    {
      "id": 101,
      "descricao": "Restaurante",
      "categoria": "Alimentação",
      "valor": 80.24,
      "mes": "2020-12",
      "dia": "10"
    },
    {
      "id": 102,
      "descricao": "Restaurante",
      "categoria": "Alimentação",
      "valor": 66.6,
      "mes": "2020-06",
      "dia": "29"
    },
    {
      "id": 103,
      "descricao": "Compra no IFood",
      "categoria": "Alimentação",
      "valor": 66.49,
      "mes": "2020-11",
      "dia": "29"
    },
    {
      "id": 104,
      "descricao": "Padaria",
      "categoria": "Alimentação",
      "valor": 31.89,
      "mes": "2021-04",
      "dia": "13"
    },
    {
      "id": 105,
      "descricao": "Clube",
      "categoria": "Lazer",
      "valor": 53.31,
      "mes": "2021-03",
      "dia": "18"
    },
    {
      "id": 106,
      "descricao": "Compra no shopping",
      "categoria": "Lazer",
      "valor": 216.76,
      "mes": "2021-05",
      "dia": "21"
    },
    {
      "id": 107,
      "descricao": "Consulta médica",
      "categoria": "Saúde",
      "valor": 236.98,
      "mes": "2021-01",
      "dia": "07"
    },
    {
      "id": 108,
      "descricao": "Padaria",
      "categoria": "Alimentação",
      "valor": 17.57,
      "mes": "2020-06",
      "dia": "11"
    },
    {
      "id": 109,
      "descricao": "Supermercado",
      "categoria": "Alimentação",
      "valor": 148.77,
      "mes": "2021-06",
      "dia": "26"
    },
    {
      "id": 110,
      "descricao": "Supermercado",
      "categoria": "Alimentação",
      "valor": 411.01,
      "mes": "2021-03",
      "dia": "28"
    },
    {
      "id": 111,
      "descricao": "Supermercado",
      "categoria": "Alimentação",
      "valor": 181.8,
      "mes": "2020-11",
      "dia": "27"
    },
    {
      "id": 112,
      "descricao": "Consulta médica",
      "categoria": "Saúde",
      "valor": 235.89,
      "mes": "2021-05",
      "dia": "03"
    },
    {
      "id": 113,
      "descricao": "Padaria",
      "categoria": "Alimentação",
      "valor": 9.95,
      "mes": "2021-06",
      "dia": "07"
    },
    {
      "id": 114,
      "descricao": "Padaria",
      "categoria": "Alimentação",
      "valor": 27.51,
      "mes": "2021-01",
      "dia": "18"
    },
    {
      "id": 115,
      "descricao": "Restaurante",
      "categoria": "Alimentação",
      "valor": 53.69,
      "mes": "2021-04",
      "dia": "02"
    },
    {
      "id": 116,
      "descricao": "Gasolina",
      "categoria": "Transporte",
      "valor": 95.55,
      "mes": "2020-11",
      "dia": "07"
    },
    {
      "id": 117,
      "descricao": "Supermercado",
      "categoria": "Alimentação",
      "valor": 96.47,
      "mes": "2021-02",
      "dia": "01"
    },
    {
      "id": 118,
      "descricao": "Academia",
      "categoria": "Saúde",
      "valor": 149.26,
      "mes": "2020-12",
      "dia": "03"
    },
    {
      "id": 119,
      "descricao": "Gasolina",
      "categoria": "Transporte",
      "valor": 68.35,
      "mes": "2021-03",
      "dia": "28"
    },
    {
      "id": 120,
      "descricao": "Cinema",
      "categoria": "Lazer",
      "valor": 69.91,
      "mes": "2021-06",
      "dia": "10"
    },
    {
      "id": 121,
      "descricao": "Presente para mãe",
      "categoria": "Outros",
      "valor": 111.75,
      "mes": "2021-06",
      "dia": "07"
    },
    {
      "id": 122,
      "descricao": "Gasolina",
      "categoria": "Transporte",
      "valor": 92.64,
      "mes": "2020-11",
      "dia": "16"
    },
    {
      "id": 123,
      "descricao": "Padaria",
      "categoria": "Alimentação",
      "valor": 35.44,
      "mes": "2021-05",
      "dia": "23"
    },
    {
      "id": 124,
      "descricao": "Aluguel",
      "categoria": "Moradia",
      "valor": 1925.7,
      "mes": "2021-05",
      "dia": "18"
    },
    {
      "id": 125,
      "descricao": "Restaurante",
      "categoria": "Alimentação",
      "valor": 86.59,
      "mes": "2020-11",
      "dia": "28"
    },
    {
      "id": 126,
      "descricao": "Conta de luz",
      "categoria": "Moradia",
      "valor": 147.72,
      "mes": "2020-10",
      "dia": "24"
    },
    {
      "id": 127,
      "descricao": "Cinema",
      "categoria": "Lazer",
      "valor": 44.08,
      "mes": "2020-08",
      "dia": "25"
    },
    {
      "id": 128,
      "descricao": "Consulta médica",
      "categoria": "Saúde",
      "valor": 251.12,
      "mes": "2020-07",
      "dia": "31"
    },
    {
      "id": 129,
      "descricao": "Padaria",
      "categoria": "Alimentação",
      "valor": 19.11,
      "mes": "2021-05",
      "dia": "20"
    },
    {
      "id": 130,
      "descricao": "Clube",
      "categoria": "Lazer",
      "valor": 156.89,
      "mes": "2021-01",
      "dia": "15"
    },
    {
      "id": 131,
      "descricao": "Farmácia",
      "categoria": "Saúde",
      "valor": 60.06,
      "mes": "2020-08",
      "dia": "28"
    },
    {
      "id": 132,
      "descricao": "Churrasco",
      "categoria": "Lazer",
      "valor": 208.65,
      "mes": "2020-11",
      "dia": "04"
    },
    {
      "id": 133,
      "descricao": "Academia",
      "categoria": "Saúde",
      "valor": 114.04,
      "mes": "2021-01",
      "dia": "17"
    },
    {
      "id": 134,
      "descricao": "Gasolina",
      "categoria": "Transporte",
      "valor": 98.9,
      "mes": "2021-05",
      "dia": "24"
    },
    {
      "id": 135,
      "descricao": "Restaurante",
      "categoria": "Alimentação",
      "valor": 31.38,
      "mes": "2021-02",
      "dia": "01"
    },
    {
      "id": 136,
      "descricao": "Gasolina",
      "categoria": "Transporte",
      "valor": 128.91,
      "mes": "2020-08",
      "dia": "30"
    },
    {
      "id": 137,
      "descricao": "Conta do buteco",
      "categoria": "Lazer",
      "valor": 50.71,
      "mes": "2020-08",
      "dia": "24"
    },
    {
      "id": 138,
      "descricao": "Gasolina",
      "categoria": "Transporte",
      "valor": 1.36,
      "mes": "2020-07",
      "dia": "15"
    },
    {
      "id": 139,
      "descricao": "Padaria",
      "categoria": "Alimentação",
      "valor": 24.67,
      "mes": "2020-06",
      "dia": "17"
    },
    {
      "id": 140,
      "descricao": "Farmácia",
      "categoria": "Saúde",
      "valor": 48.72,
      "mes": "2021-05",
      "dia": "26"
    },
    {
      "id": 141,
      "descricao": "Reforma",
      "categoria": "Moradia",
      "valor": 1143.0,
      "mes": "2021-03",
      "dia": "17"
    },
    {
      "id": 142,
      "descricao": "Consulta médica",
      "categoria": "Saúde",
      "valor": 225.72,
      "mes": "2020-12",
      "dia": "10"
    },
    {
      "id": 143,
      "descricao": "Conta do buteco",
      "categoria": "Lazer",
      "valor": 93.43,
      "mes": "2021-01",
      "dia": "23"
    },
    {
      "id": 144,
      "descricao": "Padaria",
      "categoria": "Alimentação",
      "valor": 11.01,
      "mes": "2021-01",
      "dia": "21"
    },
    {
      "id": 145,
      "descricao": "Compra no IFood",
      "categoria": "Alimentação",
      "valor": 48.3,
      "mes": "2021-04",
      "dia": "16"
    },
    {
      "id": 146,
      "descricao": "Restaurante",
      "categoria": "Alimentação",
      "valor": 105.43,
      "mes": "2021-01",
      "dia": "20"
    },
    {
      "id": 147,
      "descricao": "Padaria",
      "categoria": "Alimentação",
      "valor": 35.44,
      "mes": "2021-04",
      "dia": "15"
    },
    {
      "id": 148,
      "descricao": "Restaurante",
      "categoria": "Alimentação",
      "valor": 101.24,
      "mes": "2021-04",
      "dia": "10"
    },
    {
      "id": 149,
      "descricao": "Conta de água",
      "categoria": "Moradia",
      "valor": 227.36,
      "mes": "2020-06",
      "dia": "07"
    },
    {
      "id": 150,
      "descricao": "Cinema",
      "categoria": "Lazer",
      "valor": 36.65,
      "mes": "2021-02",
      "dia": "12"
    },
    {
      "id": 151,
      "descricao": "Gasolina",
      "categoria": "Transporte",
      "valor": 112.06,
      "mes": "2020-09",
      "dia": "25"
    },
    {
      "id": 152,
      "descricao": "Padaria",
      "categoria": "Alimentação",
      "valor": 23.83,
      "mes": "2020-08",
      "dia": "13"
    },
    {
      "id": 153,
      "descricao": "Conta de luz",
      "categoria": "Moradia",
      "valor": 249.33,
      "mes": "2021-06",
      "dia": "17"
    },
    {
      "id": 154,
      "descricao": "Gasolina",
      "categoria": "Transporte",
      "valor": 91.5,
      "mes": "2020-11",
      "dia": "10"
    },
    {
      "id": 155,
      "descricao": "Conta de água",
      "categoria": "Moradia",
      "valor": 61.46,
      "mes": "2020-08",
      "dia": "24"
    },
    {
      "id": 156,
      "descricao": "Farmácia",
      "categoria": "Saúde",
      "valor": 98.31,
      "mes": "2020-11",
      "dia": "04"
    },
    {
      "id": 157,
      "descricao": "Conta do buteco",
      "categoria": "Lazer",
      "valor": 39.65,
      "mes": "2021-03",
      "dia": "13"
    },
    {
      "id": 158,
      "descricao": "Compra no IFood",
      "categoria": "Alimentação",
      "valor": 62.76,
      "mes": "2020-11",
      "dia": "27"
    },
    {
      "id": 159,
      "descricao": "Restaurante",
      "categoria": "Alimentação",
      "valor": 83.33,
      "mes": "2020-11",
      "dia": "16"
    },
    {
      "id": 160,
      "descricao": "Restaurante",
      "categoria": "Alimentação",
      "valor": 45.46,
      "mes": "2021-03",
      "dia": "04"
    },
    {
      "id": 161,
      "descricao": "Supermercado",
      "categoria": "Alimentação",
      "valor": 209.04,
      "mes": "2020-09",
      "dia": "03"
    },
    {
      "id": 162,
      "descricao": "Clube",
      "categoria": "Lazer",
      "valor": 100.25,
      "mes": "2020-06",
      "dia": "10"
    },
    {
      "id": 163,
      "descricao": "Academia",
      "categoria": "Saúde",
      "valor": 88.85,
      "mes": "2021-05",
      "dia": "21"
    },
    {
      "id": 164,
      "descricao": "Supermercado",
      "categoria": "Alimentação",
      "valor": 363.73,
      "mes": "2021-06",
      "dia": "13"
    },
    {
      "id": 165,
      "descricao": "Cinema",
      "categoria": "Lazer",
      "valor": 49.87,
      "mes": "2020-08",
      "dia": "03"
    },
    {
      "id": 166,
      "descricao": "Padaria",
      "categoria": "Alimentação",
      "valor": 41.22,
      "mes": "2021-05",
      "dia": "11"
    },
    {
      "id": 167,
      "descricao": "Restaurante",
      "categoria": "Alimentação",
      "valor": 123.78,
      "mes": "2020-09",
      "dia": "19"
    },
    {
      "id": 168,
      "descricao": "Restaurante",
      "categoria": "Alimentação",
      "valor": 77.01,
      "mes": "2021-04",
      "dia": "22"
    },
    {
      "id": 169,
      "descricao": "Supermercado",
      "categoria": "Alimentação",
      "valor": 398.4,
      "mes": "2021-02",
      "dia": "05"
    },
    {
      "id": 170,
      "descricao": "Aluguel",
      "categoria": "Moradia",
      "valor": 1698.8,
      "mes": "2021-05",
      "dia": "23"
    },
    {
      "id": 171,
      "descricao": "Restaurante",
      "categoria": "Alimentação",
      "valor": 69.38,
      "mes": "2020-09",
      "dia": "27"
    },
    {
      "id": 172,
      "descricao": "Padaria",
      "categoria": "Alimentação",
      "valor": 10.76,
      "mes": "2020-07",
      "dia": "28"
    },
    {
      "id": 173,
      "descricao": "Conta do buteco",
      "categoria": "Lazer",
      "valor": 83.02,
      "mes": "2021-02",
      "dia": "09"
    },
    {
      "id": 174,
      "descricao": "Padaria",
      "categoria": "Alimentação",
      "valor": 22.1,
      "mes": "2021-04",
      "dia": "24"
    },
    {
      "id": 175,
      "descricao": "Consulta médica",
      "categoria": "Saúde",
      "valor": 57.89,
      "mes": "2021-06",
      "dia": "25"
    },
    {
      "id": 176,
      "descricao": "Conta de luz",
      "categoria": "Moradia",
      "valor": 223.35,
      "mes": "2020-12",
      "dia": "07"
    },
    {
      "id": 177,
      "descricao": "Padaria",
      "categoria": "Alimentação",
      "valor": 15.89,
      "mes": "2020-08",
      "dia": "08"
    },
    {
      "id": 178,
      "descricao": "Conta de água",
      "categoria": "Moradia",
      "valor": 192.39,
      "mes": "2020-10",
      "dia": "10"
    },
    {
      "id": 179,
      "descricao": "Seguro",
      "categoria": "Transporte",
      "valor": 830.89,
      "mes": "2020-11",
      "dia": "22"
    },
    {
      "id": 180,
      "descricao": "Conta do buteco",
      "categoria": "Lazer",
      "valor": 79.04,
      "mes": "2020-06",
      "dia": "20"
    },
    {
      "id": 181,
      "descricao": "Conta de luz",
      "categoria": "Moradia",
      "valor": 294.37,
      "mes": "2020-06",
      "dia": "23"
    },
    {
      "id": 182,
      "descricao": "Padaria",
      "categoria": "Alimentação",
      "valor": 20.44,
      "mes": "2020-10",
      "dia": "10"
    },
    {
      "id": 183,
      "descricao": "Compra no shopping",
      "categoria": "Lazer",
      "valor": 340.88,
      "mes": "2020-07",
      "dia": "11"
    },
    {
      "id": 184,
      "descricao": "Padaria",
      "categoria": "Alimentação",
      "valor": 39.85,
      "mes": "2020-07",
      "dia": "18"
    },
    {
      "id": 185,
      "descricao": "Cinema",
      "categoria": "Lazer",
      "valor": 84.58,
      "mes": "2020-12",
      "dia": "17"
    },
    {
      "id": 186,
      "descricao": "Revisão do carro",
      "categoria": "Transporte",
      "valor": 1017.21,
      "mes": "2020-11",
      "dia": "13"
    },
    {
      "id": 187,
      "descricao": "Padaria",
      "categoria": "Alimentação",
      "valor": 24.85,
      "mes": "2021-02",
      "dia": "24"
    },
    {
      "id": 188,
      "descricao": "Padaria",
      "categoria": "Alimentação",
      "valor": 26.45,
      "mes": "2020-06",
      "dia": "21"
    },
    {
      "id": 189,
      "descricao": "Farmácia",
      "categoria": "Saúde",
      "valor": 116.85,
      "mes": "2020-08",
      "dia": "13"
    },
    {
      "id": 190,
      "descricao": "Compra no IFood",
      "categoria": "Alimentação",
      "valor": 13.9,
      "mes": "2020-09",
      "dia": "11"
    },
    {
      "id": 191,
      "descricao": "Conta de água",
      "categoria": "Moradia",
      "valor": 223.36,
      "mes": "2020-06",
      "dia": "26"
    },
    {
      "id": 192,
      "descricao": "Compra no shopping",
      "categoria": "Lazer",
      "valor": 358.04,
      "mes": "2020-07",
      "dia": "12"
    },
    {
      "id": 193,
      "descricao": "Gasolina",
      "categoria": "Transporte",
      "valor": 77.77,
      "mes": "2020-10",
      "dia": "31"
    },
    {
      "id": 194,
      "descricao": "Conta do buteco",
      "categoria": "Lazer",
      "valor": 79.44,
      "mes": "2020-09",
      "dia": "12"
    },
    {
      "id": 195,
      "descricao": "Churrasco",
      "categoria": "Lazer",
      "valor": 15.27,
      "mes": "2020-08",
      "dia": "01"
    },
    {
      "id": 196,
      "descricao": "Gasolina",
      "categoria": "Transporte",
      "valor": 106.86,
      "mes": "2020-12",
      "dia": "16"
    },
    {
      "id": 197,
      "descricao": "Padaria",
      "categoria": "Alimentação",
      "valor": 28.97,
      "mes": "2020-10",
      "dia": "20"
    },
    {
      "id": 198,
      "descricao": "Restaurante",
      "categoria": "Alimentação",
      "valor": 12.78,
      "mes": "2021-05",
      "dia": "13"
    },
    {
      "id": 199,
      "descricao": "Clube",
      "categoria": "Lazer",
      "valor": 53.78,
      "mes": "2020-09",
      "dia": "17"
    },
    {
      "id": 200,
      "descricao": "Restaurante",
      "categoria": "Alimentação",
      "valor": 73.19,
      "mes": "2020-07",
      "dia": "11"
    },
    {
      "id": 201,
      "descricao": "Academia",
      "categoria": "Saúde",
      "valor": 71.23,
      "mes": "2020-11",
      "dia": "20"
    },
    {
      "id": 202,
      "descricao": "Restaurante",
      "categoria": "Alimentação",
      "valor": 61.33,
      "mes": "2020-09",
      "dia": "16"
    },
    {
      "id": 203,
      "descricao": "Conta do buteco",
      "categoria": "Lazer",
      "valor": 82.8,
      "mes": "2020-09",
      "dia": "28"
    },
    {
      "id": 204,
      "descricao": "Farmácia",
      "categoria": "Saúde",
      "valor": 120.57,
      "mes": "2021-03",
      "dia": "06"
    },
    {
      "id": 205,
      "descricao": "Cinema",
      "categoria": "Lazer",
      "valor": 48.18,
      "mes": "2021-04",
      "dia": "23"
    },
    {
      "id": 206,
      "descricao": "Gasolina",
      "categoria": "Transporte",
      "valor": 102.74,
      "mes": "2020-11",
      "dia": "20"
    },
    {
      "id": 207,
      "descricao": "Gasolina",
      "categoria": "Transporte",
      "valor": 96.09,
      "mes": "2020-11",
      "dia": "12"
    },
    {
      "id": 208,
      "descricao": "Conta do buteco",
      "categoria": "Lazer",
      "valor": 69.65,
      "mes": "2021-04",
      "dia": "18"
    },
    {
      "id": 209,
      "descricao": "Conta do buteco",
      "categoria": "Lazer",
      "valor": 88.36,
      "mes": "2020-12",
      "dia": "02"
    },
    {
      "id": 210,
      "descricao": "Padaria",
      "categoria": "Alimentação",
      "valor": 18.87,
      "mes": "2021-05",
      "dia": "15"
    },
    {
      "id": 211,
      "descricao": "Clube",
      "categoria": "Lazer",
      "valor": 87.87,
      "mes": "2020-11",
      "dia": "21"
    },
    {
      "id": 212,
      "descricao": "Restaurante",
      "categoria": "Alimentação",
      "valor": 76.83,
      "mes": "2021-05",
      "dia": "03"
    },
    {
      "id": 213,
      "descricao": "Restaurante",
      "categoria": "Alimentação",
      "valor": 55.01,
      "mes": "2020-11",
      "dia": "14"
    },
    {
      "id": 214,
      "descricao": "Padaria",
      "categoria": "Alimentação",
      "valor": 32.64,
      "mes": "2020-11",
      "dia": "27"
    },
    {
      "id": 215,
      "descricao": "Supermercado",
      "categoria": "Alimentação",
      "valor": 352.99,
      "mes": "2020-12",
      "dia": "14"
    },
    {
      "id": 216,
      "descricao": "Padaria",
      "categoria": "Alimentação",
      "valor": 15.17,
      "mes": "2021-03",
      "dia": "02"
    },
    {
      "id": 217,
      "descricao": "Salão de beleza",
      "categoria": "Outros",
      "valor": 41.96,
      "mes": "2020-06",
      "dia": "02"
    },
    {
      "id": 218,
      "descricao": "Academia",
      "categoria": "Saúde",
      "valor": 63.34,
      "mes": "2020-12",
      "dia": "29"
    },
    {
      "id": 219,
      "descricao": "Restaurante",
      "categoria": "Alimentação",
      "valor": 85.13,
      "mes": "2020-07",
      "dia": "28"
    },
    {
      "id": 220,
      "descricao": "Restaurante",
      "categoria": "Alimentação",
      "valor": 128.23,
      "mes": "2020-12",
      "dia": "03"
    },
    {
      "id": 221,
      "descricao": "Restaurante",
      "categoria": "Alimentação",
      "valor": 100.62,
      "mes": "2021-02",
      "dia": "23"
    },
    {
      "id": 222,
      "descricao": "Compra no IFood",
      "categoria": "Alimentação",
      "valor": 21.89,
      "mes": "2020-10",
      "dia": "04"
    },
    {
      "id": 223,
      "descricao": "Restaurante",
      "categoria": "Alimentação",
      "valor": 117.9,
      "mes": "2020-09",
      "dia": "21"
    },
    {
      "id": 224,
      "descricao": "Aluguel",
      "categoria": "Moradia",
      "valor": 2999.44,
      "mes": "2020-10",
      "dia": "09"
    },
    {
      "id": 225,
      "descricao": "Compra no shopping",
      "categoria": "Lazer",
      "valor": 308.27,
      "mes": "2021-01",
      "dia": "29"
    },
    {
      "id": 226,
      "descricao": "Clube",
      "categoria": "Lazer",
      "valor": 34.15,
      "mes": "2020-07",
      "dia": "19"
    },
    {
      "id": 227,
      "descricao": "Padaria",
      "categoria": "Alimentação",
      "valor": 14.97,
      "mes": "2021-01",
      "dia": "06"
    },
    {
      "id": 228,
      "descricao": "Supermercado",
      "categoria": "Alimentação",
      "valor": 407.16,
      "mes": "2021-01",
      "dia": "08"
    },
    {
      "id": 229,
      "descricao": "Padaria",
      "categoria": "Alimentação",
      "valor": 23.65,
      "mes": "2020-11",
      "dia": "06"
    },
    {
      "id": 230,
      "descricao": "Gasolina",
      "categoria": "Transporte",
      "valor": 111.94,
      "mes": "2021-03",
      "dia": "16"
    },
    {
      "id": 231,
      "descricao": "Aluguel",
      "categoria": "Moradia",
      "valor": 789.18,
      "mes": "2020-06",
      "dia": "10"
    },
    {
      "id": 232,
      "descricao": "Padaria",
      "categoria": "Alimentação",
      "valor": 47.69,
      "mes": "2020-11",
      "dia": "26"
    },
    {
      "id": 233,
      "descricao": "Salão de beleza",
      "categoria": "Outros",
      "valor": 81.35,
      "mes": "2021-04",
      "dia": "15"
    },
    {
      "id": 234,
      "descricao": "Farmácia",
      "categoria": "Saúde",
      "valor": 13.53,
      "mes": "2020-08",
      "dia": "06"
    },
    {
      "id": 235,
      "descricao": "Gasolina",
      "categoria": "Transporte",
      "valor": 176.04,
      "mes": "2020-12",
      "dia": "24"
    },
    {
      "id": 236,
      "descricao": "Restaurante",
      "categoria": "Alimentação",
      "valor": 68.79,
      "mes": "2020-06",
      "dia": "15"
    },
    {
      "id": 237,
      "descricao": "Supermercado",
      "categoria": "Alimentação",
      "valor": 414.41,
      "mes": "2020-06",
      "dia": "22"
    },
    {
      "id": 238,
      "descricao": "Seguro",
      "categoria": "Transporte",
      "valor": 473.23,
      "mes": "2020-08",
      "dia": "07"
    },
    {
      "id": 239,
      "descricao": "Supermercado",
      "categoria": "Alimentação",
      "valor": 54.3,
      "mes": "2020-09",
      "dia": "02"
    },
    {
      "id": 240,
      "descricao": "Clube",
      "categoria": "Lazer",
      "valor": 84.44,
      "mes": "2020-12",
      "dia": "22"
    },
    {
      "id": 241,
      "descricao": "Padaria",
      "categoria": "Alimentação",
      "valor": 27.44,
      "mes": "2020-06",
      "dia": "13"
    },
    {
      "id": 242,
      "descricao": "Gasolina",
      "categoria": "Transporte",
      "valor": 96.98,
      "mes": "2020-12",
      "dia": "11"
    },
    {
      "id": 243,
      "descricao": "Restaurante",
      "categoria": "Alimentação",
      "valor": 46.17,
      "mes": "2021-01",
      "dia": "16"
    },
    {
      "id": 244,
      "descricao": "Restaurante",
      "categoria": "Alimentação",
      "valor": 68.97,
      "mes": "2020-06",
      "dia": "17"
    },
    {
      "id": 245,
      "descricao": "Padaria",
      "categoria": "Alimentação",
      "valor": 22.95,
      "mes": "2021-02",
      "dia": "20"
    },
    {
      "id": 246,
      "descricao": "Gasolina",
      "categoria": "Transporte",
      "valor": 78.31,
      "mes": "2020-06",
      "dia": "30"
    },
    {
      "id": 247,
      "descricao": "Padaria",
      "categoria": "Alimentação",
      "valor": 39.13,
      "mes": "2020-12",
      "dia": "13"
    },
    {
      "id": 248,
      "descricao": "Padaria",
      "categoria": "Alimentação",
      "valor": 42.18,
      "mes": "2021-01",
      "dia": "01"
    },
    {
      "id": 249,
      "descricao": "Gasolina",
      "categoria": "Transporte",
      "valor": 115.62,
      "mes": "2020-09",
      "dia": "08"
    },
    {
      "id": 250,
      "descricao": "Compra no IFood",
      "categoria": "Alimentação",
      "valor": 91.77,
      "mes": "2020-11",
      "dia": "22"
    },
    {
      "id": 251,
      "descricao": "Compra no IFood",
      "categoria": "Alimentação",
      "valor": 61.39,
      "mes": "2021-04",
      "dia": "20"
    },
    {
      "id": 252,
      "descricao": "Conta de água",
      "categoria": "Moradia",
      "valor": 223.68,
      "mes": "2021-05",
      "dia": "16"
    },
    {
      "id": 253,
      "descricao": "Supermercado",
      "categoria": "Alimentação",
      "valor": 227.05,
      "mes": "2020-09",
      "dia": "12"
    },
    {
      "id": 254,
      "descricao": "Salão de beleza",
      "categoria": "Outros",
      "valor": 53.48,
      "mes": "2021-02",
      "dia": "19"
    },
    {
      "id": 255,
      "descricao": "Gasolina",
      "categoria": "Transporte",
      "valor": 58.88,
      "mes": "2020-07",
      "dia": "18"
    },
    {
      "id": 256,
      "descricao": "Compra no shopping",
      "categoria": "Lazer",
      "valor": 342.02,
      "mes": "2020-06",
      "dia": "02"
    },
    {
      "id": 257,
      "descricao": "Padaria",
      "categoria": "Alimentação",
      "valor": 53.91,
      "mes": "2021-06",
      "dia": "15"
    },
    {
      "id": 258,
      "descricao": "Conta do buteco",
      "categoria": "Lazer",
      "valor": 69.51,
      "mes": "2021-02",
      "dia": "18"
    },
    {
      "id": 259,
      "descricao": "Restaurante",
      "categoria": "Alimentação",
      "valor": 45.27,
      "mes": "2020-08",
      "dia": "10"
    },
    {
      "id": 260,
      "descricao": "Salão de beleza",
      "categoria": "Outros",
      "valor": -1.54,
      "mes": "2020-12",
      "dia": "20"
    },
    {
      "id": 261,
      "descricao": "Academia",
      "categoria": "Saúde",
      "valor": 185.14,
      "mes": "2020-06",
      "dia": "11"
    },
    {
      "id": 262,
      "descricao": "Padaria",
      "categoria": "Alimentação",
      "valor": 55.6,
      "mes": "2020-06",
      "dia": "18"
    },
    {
      "id": 263,
      "descricao": "Gasolina",
      "categoria": "Transporte",
      "valor": 149.0,
      "mes": "2021-02",
      "dia": "24"
    },
    {
      "id": 264,
      "descricao": "Restaurante",
      "categoria": "Alimentação",
      "valor": 58.99,
      "mes": "2020-07",
      "dia": "20"
    },
    {
      "id": 265,
      "descricao": "Salão de beleza",
      "categoria": "Outros",
      "valor": 41.39,
      "mes": "2021-03",
      "dia": "28"
    },
    {
      "id": 266,
      "descricao": "Restaurante",
      "categoria": "Alimentação",
      "valor": 28.89,
      "mes": "2021-02",
      "dia": "15"
    },
    {
      "id": 267,
      "descricao": "Restaurante",
      "categoria": "Alimentação",
      "valor": 57.51,
      "mes": "2021-02",
      "dia": "25"
    },
    {
      "id": 268,
      "descricao": "Cinema",
      "categoria": "Lazer",
      "valor": 69.38,
      "mes": "2020-08",
      "dia": "01"
    },
    {
      "id": 269,
      "descricao": "Farmácia",
      "categoria": "Saúde",
      "valor": 137.82,
      "mes": "2020-09",
      "dia": "24"
    },
    {
      "id": 270,
      "descricao": "Supermercado",
      "categoria": "Alimentação",
      "valor": 468.98,
      "mes": "2021-04",
      "dia": "22"
    },
    {
      "id": 271,
      "descricao": "Churrasco",
      "categoria": "Lazer",
      "valor": 109.08,
      "mes": "2020-09",
      "dia": "30"
    },
    {
      "id": 272,
      "descricao": "Restaurante",
      "categoria": "Alimentação",
      "valor": 79.73,
      "mes": "2020-12",
      "dia": "06"
    },
    {
      "id": 273,
      "descricao": "Restaurante",
      "categoria": "Alimentação",
      "valor": 165.25,
      "mes": "2020-12",
      "dia": "19"
    },
    {
      "id": 274,
      "descricao": "Supermercado",
      "categoria": "Alimentação",
      "valor": 149.6,
      "mes": "2020-06",
      "dia": "16"
    },
    {
      "id": 275,
      "descricao": "Supermercado",
      "categoria": "Alimentação",
      "valor": 359.93,
      "mes": "2020-10",
      "dia": "28"
    },
    {
      "id": 276,
      "descricao": "Supermercado",
      "categoria": "Alimentação",
      "valor": 258.58,
      "mes": "2020-06",
      "dia": "02"
    },
    {
      "id": 277,
      "descricao": "Compra no IFood",
      "categoria": "Alimentação",
      "valor": 76.85,
      "mes": "2020-09",
      "dia": "07"
    },
    {
      "id": 278,
      "descricao": "Supermercado",
      "categoria": "Alimentação",
      "valor": 137.74,
      "mes": "2020-07",
      "dia": "28"
    },
    {
      "id": 279,
      "descricao": "Presente para mãe",
      "categoria": "Outros",
      "valor": 300.41,
      "mes": "2021-03",
      "dia": "20"
    },
    {
      "id": 280,
      "descricao": "Supermercado",
      "categoria": "Alimentação",
      "valor": 512.34,
      "mes": "2021-05",
      "dia": "25"
    },
    {
      "id": 281,
      "descricao": "Clube",
      "categoria": "Lazer",
      "valor": 52.71,
      "mes": "2020-06",
      "dia": "21"
    },
    {
      "id": 282,
      "descricao": "Gasolina",
      "categoria": "Transporte",
      "valor": 57.5,
      "mes": "2021-05",
      "dia": "11"
    },
    {
      "id": 283,
      "descricao": "Supermercado",
      "categoria": "Alimentação",
      "valor": 291.78,
      "mes": "2021-02",
      "dia": "20"
    },
    {
      "id": 284,
      "descricao": "Restaurante",
      "categoria": "Alimentação",
      "valor": 41.17,
      "mes": "2020-10",
      "dia": "14"
    },
    {
      "id": 285,
      "descricao": "Aluguel",
      "categoria": "Moradia",
      "valor": 2462.09,
      "mes": "2020-12",
      "dia": "07"
    },
    {
      "id": 286,
      "descricao": "Conta do buteco",
      "categoria": "Lazer",
      "valor": 54.55,
      "mes": "2021-02",
      "dia": "03"
    },
    {
      "id": 287,
      "descricao": "Cinema",
      "categoria": "Lazer",
      "valor": 53.81,
      "mes": "2021-06",
      "dia": "08"
    },
    {
      "id": 288,
      "descricao": "Conta de água",
      "categoria": "Moradia",
      "valor": 252.83,
      "mes": "2021-05",
      "dia": "16"
    },
    {
      "id": 289,
      "descricao": "Restaurante",
      "categoria": "Alimentação",
      "valor": 120.18,
      "mes": "2020-12",
      "dia": "19"
    },
    {
      "id": 290,
      "descricao": "Gasolina",
      "categoria": "Transporte",
      "valor": 131.36,
      "mes": "2020-07",
      "dia": "26"
    },
    {
      "id": 291,
      "descricao": "Churrasco",
      "categoria": "Lazer",
      "valor": 105.21,
      "mes": "2020-08",
      "dia": "05"
    },
    {
      "id": 292,
      "descricao": "Conta de água",
      "categoria": "Moradia",
      "valor": 156.5,
      "mes": "2020-11",
      "dia": "30"
    },
    {
      "id": 293,
      "descricao": "Padaria",
      "categoria": "Alimentação",
      "valor": 32.35,
      "mes": "2021-02",
      "dia": "16"
    },
    {
      "id": 294,
      "descricao": "Padaria",
      "categoria": "Alimentação",
      "valor": 13.18,
      "mes": "2021-01",
      "dia": "14"
    },
    {
      "id": 295,
      "descricao": "Restaurante",
      "categoria": "Alimentação",
      "valor": 70.24,
      "mes": "2021-01",
      "dia": "16"
    },
    {
      "id": 296,
      "descricao": "Salão de beleza",
      "categoria": "Outros",
      "valor": 63.1,
      "mes": "2021-02",
      "dia": "02"
    },
    {
      "id": 297,
      "descricao": "Padaria",
      "categoria": "Alimentação",
      "valor": 26.25,
      "mes": "2021-05",
      "dia": "18"
    },
    {
      "id": 298,
      "descricao": "Gasolina",
      "categoria": "Transporte",
      "valor": 70.05,
      "mes": "2021-02",
      "dia": "09"
    },
    {
      "id": 299,
      "descricao": "Farmácia",
      "categoria": "Saúde",
      "valor": 123.71,
      "mes": "2020-08",
      "dia": "31"
    },
    {
      "id": 300,
      "descricao": "Conta de água",
      "categoria": "Moradia",
      "valor": 132.54,
      "mes": "2021-03",
      "dia": "19"
    },
    {
      "id": 301,
      "descricao": "Padaria",
      "categoria": "Alimentação",
      "valor": 22.1,
      "mes": "2021-03",
      "dia": "26"
    },
    {
      "id": 302,
      "descricao": "Supermercado",
      "categoria": "Alimentação",
      "valor": 256.52,
      "mes": "2021-05",
      "dia": "01"
    },
    {
      "id": 303,
      "descricao": "Aluguel",
      "categoria": "Moradia",
      "valor": 2325.96,
      "mes": "2021-03",
      "dia": "25"
    },
    {
      "id": 304,
      "descricao": "Gasolina",
      "categoria": "Transporte",
      "valor": 119.24,
      "mes": "2020-10",
      "dia": "12"
    },
    {
      "id": 305,
      "descricao": "Conta de luz",
      "categoria": "Moradia",
      "valor": 191.03,
      "mes": "2020-12",
      "dia": "01"
    },
    {
      "id": 306,
      "descricao": "Padaria",
      "categoria": "Alimentação",
      "valor": 34.0,
      "mes": "2020-09",
      "dia": "16"
    },
    {
      "id": 307,
      "descricao": "Salão de beleza",
      "categoria": "Outros",
      "valor": 59.88,
      "mes": "2021-03",
      "dia": "04"
    },
    {
      "id": 308,
      "descricao": "Supermercado",
      "categoria": "Alimentação",
      "valor": 323.23,
      "mes": "2020-08",
      "dia": "21"
    },
    {
      "id": 309,
      "descricao": "Restaurante",
      "categoria": "Alimentação",
      "valor": 78.02,
      "mes": "2020-12",
      "dia": "29"
    },
    {
      "id": 310,
      "descricao": "Conta do buteco",
      "categoria": "Lazer",
      "valor": 74.3,
      "mes": "2020-08",
      "dia": "27"
    },
    {
      "id": 311,
      "descricao": "Restaurante",
      "categoria": "Alimentação",
      "valor": 122.93,
      "mes": "2020-11",
      "dia": "04"
    },
    {
      "id": 312,
      "descricao": "Gasolina",
      "categoria": "Transporte",
      "valor": 170.51,
      "mes": "2021-05",
      "dia": "15"
    },
    {
      "id": 313,
      "descricao": "Supermercado",
      "categoria": "Alimentação",
      "valor": 368.2,
      "mes": "2020-10",
      "dia": "25"
    },
    {
      "id": 314,
      "descricao": "Restaurante",
      "categoria": "Alimentação",
      "valor": -15.53,
      "mes": "2021-03",
      "dia": "07"
    },
    {
      "id": 315,
      "descricao": "Compra no shopping",
      "categoria": "Lazer",
      "valor": 181.31,
      "mes": "2021-03",
      "dia": "22"
    },
    {
      "id": 316,
      "descricao": "Gasolina",
      "categoria": "Transporte",
      "valor": 82.81,
      "mes": "2020-11",
      "dia": "12"
    },
    {
      "id": 317,
      "descricao": "Cinema",
      "categoria": "Lazer",
      "valor": 90.39,
      "mes": "2020-11",
      "dia": "11"
    },
    {
      "id": 318,
      "descricao": "Academia",
      "categoria": "Saúde",
      "valor": 7.53,
      "mes": "2021-06",
      "dia": "10"
    },
    {
      "id": 319,
      "descricao": "Padaria",
      "categoria": "Alimentação",
      "valor": 13.27,
      "mes": "2020-06",
      "dia": "01"
    },
    {
      "id": 320,
      "descricao": "Gasolina",
      "categoria": "Transporte",
      "valor": 93.86,
      "mes": "2020-08",
      "dia": "11"
    },
    {
      "id": 321,
      "descricao": "Restaurante",
      "categoria": "Alimentação",
      "valor": 118.6,
      "mes": "2021-05",
      "dia": "13"
    },
    {
      "id": 322,
      "descricao": "Conta do buteco",
      "categoria": "Lazer",
      "valor": 117.07,
      "mes": "2021-05",
      "dia": "18"
    },
    {
      "id": 323,
      "descricao": "Gasolina",
      "categoria": "Transporte",
      "valor": 231.09,
      "mes": "2020-10",
      "dia": "13"
    },
    {
      "id": 324,
      "descricao": "Padaria",
      "categoria": "Alimentação",
      "valor": 26.24,
      "mes": "2021-02",
      "dia": "19"
    },
    {
      "id": 325,
      "descricao": "Padaria",
      "categoria": "Alimentação",
      "valor": 37.52,
      "mes": "2021-02",
      "dia": "03"
    },
    {
      "id": 326,
      "descricao": "Salão de beleza",
      "categoria": "Outros",
      "valor": 43.6,
      "mes": "2021-03",
      "dia": "12"
    },
    {
      "id": 327,
      "descricao": "Compra no shopping",
      "categoria": "Lazer",
      "valor": 99.28,
      "mes": "2021-01",
      "dia": "20"
    },
    {
      "id": 328,
      "descricao": "Padaria",
      "categoria": "Alimentação",
      "valor": 18.66,
      "mes": "2020-12",
      "dia": "16"
    },
    {
      "id": 329,
      "descricao": "Compra no IFood",
      "categoria": "Alimentação",
      "valor": 87.81,
      "mes": "2021-06",
      "dia": "24"
    },
    {
      "id": 330,
      "descricao": "Conta do buteco",
      "categoria": "Lazer",
      "valor": 93.64,
      "mes": "2021-01",
      "dia": "19"
    },
    {
      "id": 331,
      "descricao": "Conta do buteco",
      "categoria": "Lazer",
      "valor": 65.72,
      "mes": "2021-05",
      "dia": "27"
    },
    {
      "id": 332,
      "descricao": "Conta de luz",
      "categoria": "Moradia",
      "valor": 170.23,
      "mes": "2021-03",
      "dia": "12"
    },
    {
      "id": 333,
      "descricao": "Conta de água",
      "categoria": "Moradia",
      "valor": 174.32,
      "mes": "2020-12",
      "dia": "10"
    },
    {
      "id": 334,
      "descricao": "Padaria",
      "categoria": "Alimentação",
      "valor": 5.21,
      "mes": "2020-08",
      "dia": "28"
    },
    {
      "id": 335,
      "descricao": "Padaria",
      "categoria": "Alimentação",
      "valor": 37.77,
      "mes": "2021-01",
      "dia": "11"
    },
    {
      "id": 336,
      "descricao": "Supermercado",
      "categoria": "Alimentação",
      "valor": 463.16,
      "mes": "2021-04",
      "dia": "30"
    },
    {
      "id": 337,
      "descricao": "Conta de luz",
      "categoria": "Moradia",
      "valor": 25.44,
      "mes": "2020-07",
      "dia": "15"
    },
    {
      "id": 338,
      "descricao": "Padaria",
      "categoria": "Alimentação",
      "valor": 37.33,
      "mes": "2021-03",
      "dia": "01"
    },
    {
      "id": 339,
      "descricao": "Restaurante",
      "categoria": "Alimentação",
      "valor": 106.02,
      "mes": "2021-03",
      "dia": "15"
    },
    {
      "id": 340,
      "descricao": "Gasolina",
      "categoria": "Transporte",
      "valor": 142.45,
      "mes": "2021-01",
      "dia": "15"
    },
    {
      "id": 341,
      "descricao": "Cinema",
      "categoria": "Lazer",
      "valor": 59.48,
      "mes": "2020-10",
      "dia": "02"
    },
    {
      "id": 342,
      "descricao": "Conta de luz",
      "categoria": "Moradia",
      "valor": 253.09,
      "mes": "2021-04",
      "dia": "28"
    },
    {
      "id": 343,
      "descricao": "Supermercado",
      "categoria": "Alimentação",
      "valor": 196.48,
      "mes": "2021-01",
      "dia": "29"
    },
    {
      "id": 344,
      "descricao": "Conta de água",
      "categoria": "Moradia",
      "valor": 59.76,
      "mes": "2020-06",
      "dia": "02"
    },
    {
      "id": 345,
      "descricao": "Supermercado",
      "categoria": "Alimentação",
      "valor": 267.41,
      "mes": "2020-12",
      "dia": "20"
    },
    {
      "id": 346,
      "descricao": "Farmácia",
      "categoria": "Saúde",
      "valor": 159.99,
      "mes": "2021-01",
      "dia": "10"
    },
    {
      "id": 347,
      "descricao": "Padaria",
      "categoria": "Alimentação",
      "valor": 28.44,
      "mes": "2021-03",
      "dia": "18"
    },
    {
      "id": 348,
      "descricao": "Academia",
      "categoria": "Saúde",
      "valor": 76.56,
      "mes": "2021-05",
      "dia": "20"
    },
    {
      "id": 349,
      "descricao": "Seguro",
      "categoria": "Transporte",
      "valor": 716.37,
      "mes": "2020-12",
      "dia": "14"
    },
    {
      "id": 350,
      "descricao": "Restaurante",
      "categoria": "Alimentação",
      "valor": 25.63,
      "mes": "2021-04",
      "dia": "07"
    },
    {
      "id": 351,
      "descricao": "Churrasco",
      "categoria": "Lazer",
      "valor": 119.41,
      "mes": "2020-11",
      "dia": "22"
    },
    {
      "id": 352,
      "descricao": "Gasolina",
      "categoria": "Transporte",
      "valor": 84.89,
      "mes": "2020-10",
      "dia": "26"
    },
    {
      "id": 353,
      "descricao": "Padaria",
      "categoria": "Alimentação",
      "valor": 25.87,
      "mes": "2021-06",
      "dia": "04"
    },
    {
      "id": 354,
      "descricao": "Compra no IFood",
      "categoria": "Alimentação",
      "valor": 54.34,
      "mes": "2020-08",
      "dia": "21"
    },
    {
      "id": 355,
      "descricao": "Churrasco",
      "categoria": "Lazer",
      "valor": 23.33,
      "mes": "2020-09",
      "dia": "25"
    },
    {
      "id": 356,
      "descricao": "Padaria",
      "categoria": "Alimentação",
      "valor": 22.89,
      "mes": "2021-05",
      "dia": "18"
    },
    {
      "id": 357,
      "descricao": "Restaurante",
      "categoria": "Alimentação",
      "valor": 84.89,
      "mes": "2021-03",
      "dia": "01"
    },
    {
      "id": 358,
      "descricao": "Padaria",
      "categoria": "Alimentação",
      "valor": 27.08,
      "mes": "2020-06",
      "dia": "04"
    },
    {
      "id": 359,
      "descricao": "Padaria",
      "categoria": "Alimentação",
      "valor": 38.3,
      "mes": "2020-06",
      "dia": "04"
    },
    {
      "id": 360,
      "descricao": "Conta de luz",
      "categoria": "Moradia",
      "valor": 284.27,
      "mes": "2021-02",
      "dia": "11"
    },
    {
      "id": 361,
      "descricao": "Padaria",
      "categoria": "Alimentação",
      "valor": 27.69,
      "mes": "2020-09",
      "dia": "13"
    },
    {
      "id": 362,
      "descricao": "Supermercado",
      "categoria": "Alimentação",
      "valor": 143.69,
      "mes": "2021-01",
      "dia": "01"
    },
    {
      "id": 363,
      "descricao": "Academia",
      "categoria": "Saúde",
      "valor": 67.85,
      "mes": "2021-06",
      "dia": "04"
    },
    {
      "id": 364,
      "descricao": "Padaria",
      "categoria": "Alimentação",
      "valor": 31.24,
      "mes": "2021-06",
      "dia": "04"
    },
    {
      "id": 365,
      "descricao": "Restaurante",
      "categoria": "Alimentação",
      "valor": 105.69,
      "mes": "2021-01",
      "dia": "07"
    },
    {
      "id": 366,
      "descricao": "Padaria",
      "categoria": "Alimentação",
      "valor": 38.36,
      "mes": "2020-06",
      "dia": "05"
    },
    {
      "id": 367,
      "descricao": "Padaria",
      "categoria": "Alimentação",
      "valor": 25.48,
      "mes": "2020-09",
      "dia": "28"
    },
    {
      "id": 368,
      "descricao": "Conta do buteco",
      "categoria": "Lazer",
      "valor": 93.01,
      "mes": "2021-04",
      "dia": "04"
    },
    {
      "id": 369,
      "descricao": "Gasolina",
      "categoria": "Transporte",
      "valor": 106.41,
      "mes": "2021-03",
      "dia": "04"
    },
    {
      "id": 370,
      "descricao": "Gasolina",
      "categoria": "Transporte",
      "valor": 119.67,
      "mes": "2021-01",
      "dia": "23"
    },
    {
      "id": 371,
      "descricao": "Restaurante",
      "categoria": "Alimentação",
      "valor": 61.94,
      "mes": "2020-08",
      "dia": "04"
    },
    {
      "id": 372,
      "descricao": "Padaria",
      "categoria": "Alimentação",
      "valor": 70.79,
      "mes": "2021-06",
      "dia": "09"
    },
    {
      "id": 373,
      "descricao": "Conta de luz",
      "categoria": "Moradia",
      "valor": 268.74,
      "mes": "2021-02",
      "dia": "04"
    },
    {
      "id": 374,
      "descricao": "Restaurante",
      "categoria": "Alimentação",
      "valor": 143.96,
      "mes": "2021-02",
      "dia": "09"
    },
    {
      "id": 375,
      "descricao": "Compra no shopping",
      "categoria": "Lazer",
      "valor": 201.55,
      "mes": "2021-05",
      "dia": "05"
    },
    {
      "id": 376,
      "descricao": "Cinema",
      "categoria": "Lazer",
      "valor": 29.31,
      "mes": "2020-12",
      "dia": "08"
    },
    {
      "id": 377,
      "descricao": "Padaria",
      "categoria": "Alimentação",
      "valor": 38.59,
      "mes": "2020-06",
      "dia": "10"
    },
    {
      "id": 378,
      "descricao": "Conta do buteco",
      "categoria": "Lazer",
      "valor": 68.05,
      "mes": "2020-11",
      "dia": "22"
    },
    {
      "id": 379,
      "descricao": "Consulta médica",
      "categoria": "Saúde",
      "valor": 191.57,
      "mes": "2021-02",
      "dia": "07"
    },
    {
      "id": 380,
      "descricao": "Padaria",
      "categoria": "Alimentação",
      "valor": 34.17,
      "mes": "2021-06",
      "dia": "15"
    },
    {
      "id": 381,
      "descricao": "Restaurante",
      "categoria": "Alimentação",
      "valor": 104.55,
      "mes": "2020-09",
      "dia": "16"
    },
    {
      "id": 382,
      "descricao": "Padaria",
      "categoria": "Alimentação",
      "valor": 47.16,
      "mes": "2020-08",
      "dia": "19"
    },
    {
      "id": 383,
      "descricao": "Aluguel",
      "categoria": "Moradia",
      "valor": 918.62,
      "mes": "2021-05",
      "dia": "13"
    },
    {
      "id": 384,
      "descricao": "Churrasco",
      "categoria": "Lazer",
      "valor": 124.29,
      "mes": "2021-01",
      "dia": "06"
    },
    {
      "id": 385,
      "descricao": "Supermercado",
      "categoria": "Alimentação",
      "valor": 209.65,
      "mes": "2020-06",
      "dia": "06"
    },
    {
      "id": 386,
      "descricao": "Conta do buteco",
      "categoria": "Lazer",
      "valor": 88.12,
      "mes": "2020-10",
      "dia": "06"
    },
    {
      "id": 387,
      "descricao": "Padaria",
      "categoria": "Alimentação",
      "valor": 7.92,
      "mes": "2021-02",
      "dia": "28"
    },
    {
      "id": 388,
      "descricao": "Gasolina",
      "categoria": "Transporte",
      "valor": 110.62,
      "mes": "2020-09",
      "dia": "08"
    },
    {
      "id": 389,
      "descricao": "Restaurante",
      "categoria": "Alimentação",
      "valor": 90.14,
      "mes": "2021-01",
      "dia": "18"
    },
    {
      "id": 390,
      "descricao": "Supermercado",
      "categoria": "Alimentação",
      "valor": 406.72,
      "mes": "2020-07",
      "dia": "22"
    },
    {
      "id": 391,
      "descricao": "Conta de luz",
      "categoria": "Moradia",
      "valor": 306.37,
      "mes": "2021-03",
      "dia": "16"
    },
    {
      "id": 392,
      "descricao": "Viagem para praia",
      "categoria": "Lazer",
      "valor": 1242.82,
      "mes": "2020-10",
      "dia": "28"
    },
    {
      "id": 393,
      "descricao": "Restaurante",
      "categoria": "Alimentação",
      "valor": 55.5,
      "mes": "2021-04",
      "dia": "10"
    },
    {
      "id": 394,
      "descricao": "Restaurante",
      "categoria": "Alimentação",
      "valor": 93.54,
      "mes": "2020-11",
      "dia": "26"
    },
    {
      "id": 395,
      "descricao": "Conta do buteco",
      "categoria": "Lazer",
      "valor": 58.57,
      "mes": "2021-06",
      "dia": "22"
    },
    {
      "id": 396,
      "descricao": "Consulta médica",
      "categoria": "Saúde",
      "valor": 207.91,
      "mes": "2020-08",
      "dia": "30"
    },
    {
      "id": 397,
      "descricao": "Conta de água",
      "categoria": "Moradia",
      "valor": 100.11,
      "mes": "2021-02",
      "dia": "20"
    },
    {
      "id": 398,
      "descricao": "Consulta médica",
      "categoria": "Saúde",
      "valor": 251.33,
      "mes": "2021-03",
      "dia": "25"
    },
    {
      "id": 399,
      "descricao": "Aluguel",
      "categoria": "Moradia",
      "valor": 1840.69,
      "mes": "2020-07",
      "dia": "29"
    },
    {
      "id": 400,
      "descricao": "Restaurante",
      "categoria": "Alimentação",
      "valor": 115.2,
      "mes": "2021-06",
      "dia": "23"
    },
    {
      "id": 401,
      "descricao": "Cinema",
      "categoria": "Lazer",
      "valor": 43.64,
      "mes": "2021-04",
      "dia": "30"
    },
    {
      "id": 402,
      "descricao": "Supermercado",
      "categoria": "Alimentação",
      "valor": 247.12,
      "mes": "2021-06",
      "dia": "07"
    },
    {
      "id": 403,
      "descricao": "Conta de água",
      "categoria": "Moradia",
      "valor": 109.49,
      "mes": "2020-10",
      "dia": "27"
    },
    {
      "id": 404,
      "descricao": "Padaria",
      "categoria": "Alimentação",
      "valor": 30.6,
      "mes": "2020-11",
      "dia": "06"
    },
    {
      "id": 405,
      "descricao": "Seguro",
      "categoria": "Transporte",
      "valor": 685.72,
      "mes": "2021-02",
      "dia": "16"
    },
    {
      "id": 406,
      "descricao": "Presente para mãe",
      "categoria": "Outros",
      "valor": 246.17,
      "mes": "2020-06",
      "dia": "26"
    },
    {
      "id": 407,
      "descricao": "Restaurante",
      "categoria": "Alimentação",
      "valor": 57.95,
      "mes": "2021-04",
      "dia": "16"
    },
    {
      "id": 408,
      "descricao": "Padaria",
      "categoria": "Alimentação",
      "valor": 35.43,
      "mes": "2021-03",
      "dia": "14"
    },
    {
      "id": 409,
      "descricao": "Restaurante",
      "categoria": "Alimentação",
      "valor": 145.1,
      "mes": "2021-04",
      "dia": "19"
    },
    {
      "id": 410,
      "descricao": "Conta do buteco",
      "categoria": "Lazer",
      "valor": 56.63,
      "mes": "2020-11",
      "dia": "10"
    },
    {
      "id": 411,
      "descricao": "Supermercado",
      "categoria": "Alimentação",
      "valor": 292.21,
      "mes": "2020-06",
      "dia": "08"
    },
    {
      "id": 412,
      "descricao": "Padaria",
      "categoria": "Alimentação",
      "valor": 1.02,
      "mes": "2021-03",
      "dia": "25"
    },
    {
      "id": 413,
      "descricao": "Compra no IFood",
      "categoria": "Alimentação",
      "valor": 71.63,
      "mes": "2020-12",
      "dia": "25"
    },
    {
      "id": 414,
      "descricao": "Conta do buteco",
      "categoria": "Lazer",
      "valor": 15.68,
      "mes": "2021-06",
      "dia": "16"
    },
    {
      "id": 415,
      "descricao": "Gasolina",
      "categoria": "Transporte",
      "valor": 85.02,
      "mes": "2021-05",
      "dia": "31"
    },
    {
      "id": 416,
      "descricao": "Conta do buteco",
      "categoria": "Lazer",
      "valor": 84.93,
      "mes": "2020-10",
      "dia": "23"
    },
    {
      "id": 417,
      "descricao": "Gasolina",
      "categoria": "Transporte",
      "valor": 110.41,
      "mes": "2020-09",
      "dia": "24"
    },
    {
      "id": 418,
      "descricao": "Padaria",
      "categoria": "Alimentação",
      "valor": 20.82,
      "mes": "2020-10",
      "dia": "03"
    },
    {
      "id": 419,
      "descricao": "Padaria",
      "categoria": "Alimentação",
      "valor": 53.01,
      "mes": "2021-01",
      "dia": "30"
    },
    {
      "id": 420,
      "descricao": "Viagem para praia",
      "categoria": "Lazer",
      "valor": 2765.04,
      "mes": "2020-06",
      "dia": "11"
    },
    {
      "id": 421,
      "descricao": "Conta do buteco",
      "categoria": "Lazer",
      "valor": 114.98,
      "mes": "2020-12",
      "dia": "12"
    },
    {
      "id": 422,
      "descricao": "Clube",
      "categoria": "Lazer",
      "valor": 53.33,
      "mes": "2020-10",
      "dia": "17"
    },
    {
      "id": 423,
      "descricao": "Restaurante",
      "categoria": "Alimentação",
      "valor": 67.89,
      "mes": "2020-06",
      "dia": "12"
    },
    {
      "id": 424,
      "descricao": "Restaurante",
      "categoria": "Alimentação",
      "valor": 105.69,
      "mes": "2020-06",
      "dia": "27"
    },
    {
      "id": 425,
      "descricao": "Restaurante",
      "categoria": "Alimentação",
      "valor": 102.52,
      "mes": "2021-05",
      "dia": "03"
    },
    {
      "id": 426,
      "descricao": "Conta do buteco",
      "categoria": "Lazer",
      "valor": 70.29,
      "mes": "2021-06",
      "dia": "13"
    },
    {
      "id": 427,
      "descricao": "Padaria",
      "categoria": "Alimentação",
      "valor": 53.91,
      "mes": "2020-11",
      "dia": "06"
    },
    {
      "id": 428,
      "descricao": "Academia",
      "categoria": "Saúde",
      "valor": 69.4,
      "mes": "2020-12",
      "dia": "04"
    },
    {
      "id": 429,
      "descricao": "Farmácia",
      "categoria": "Saúde",
      "valor": 204.52,
      "mes": "2020-08",
      "dia": "02"
    },
    {
      "id": 430,
      "descricao": "Padaria",
      "categoria": "Alimentação",
      "valor": 25.34,
      "mes": "2021-03",
      "dia": "01"
    },
    {
      "id": 431,
      "descricao": "Restaurante",
      "categoria": "Alimentação",
      "valor": 62.39,
      "mes": "2020-07",
      "dia": "25"
    },
    {
      "id": 432,
      "descricao": "Conta de água",
      "categoria": "Moradia",
      "valor": 157.88,
      "mes": "2020-10",
      "dia": "29"
    },
    {
      "id": 433,
      "descricao": "Padaria",
      "categoria": "Alimentação",
      "valor": 7.87,
      "mes": "2020-07",
      "dia": "09"
    },
    {
      "id": 434,
      "descricao": "Seguro",
      "categoria": "Transporte",
      "valor": 337.03,
      "mes": "2020-09",
      "dia": "15"
    },
    {
      "id": 435,
      "descricao": "Compra no IFood",
      "categoria": "Alimentação",
      "valor": 61.07,
      "mes": "2020-06",
      "dia": "12"
    },
    {
      "id": 436,
      "descricao": "Conta do buteco",
      "categoria": "Lazer",
      "valor": 142.0,
      "mes": "2020-07",
      "dia": "25"
    },
    {
      "id": 437,
      "descricao": "Restaurante",
      "categoria": "Alimentação",
      "valor": 94.23,
      "mes": "2020-09",
      "dia": "01"
    },
    {
      "id": 438,
      "descricao": "Conta do buteco",
      "categoria": "Lazer",
      "valor": 94.18,
      "mes": "2020-11",
      "dia": "13"
    },
    {
      "id": 439,
      "descricao": "Restaurante",
      "categoria": "Alimentação",
      "valor": 90.61,
      "mes": "2021-05",
      "dia": "22"
    },
    {
      "id": 440,
      "descricao": "Compra no IFood",
      "categoria": "Alimentação",
      "valor": 45.05,
      "mes": "2020-11",
      "dia": "21"
    },
    {
      "id": 441,
      "descricao": "Supermercado",
      "categoria": "Alimentação",
      "valor": 326.83,
      "mes": "2021-04",
      "dia": "06"
    },
    {
      "id": 442,
      "descricao": "Restaurante",
      "categoria": "Alimentação",
      "valor": 92.43,
      "mes": "2020-11",
      "dia": "11"
    },
    {
      "id": 443,
      "descricao": "Salão de beleza",
      "categoria": "Outros",
      "valor": 30.62,
      "mes": "2020-09",
      "dia": "13"
    },
    {
      "id": 444,
      "descricao": "Restaurante",
      "categoria": "Alimentação",
      "valor": 7.89,
      "mes": "2020-09",
      "dia": "16"
    },
    {
      "id": 445,
      "descricao": "Consulta médica",
      "categoria": "Saúde",
      "valor": 73.57,
      "mes": "2020-07",
      "dia": "22"
    },
    {
      "id": 446,
      "descricao": "Gasolina",
      "categoria": "Transporte",
      "valor": 112.17,
      "mes": "2020-09",
      "dia": "22"
    },
    {
      "id": 447,
      "descricao": "Supermercado",
      "categoria": "Alimentação",
      "valor": 378.92,
      "mes": "2021-04",
      "dia": "22"
    },
    {
      "id": 448,
      "descricao": "Clube",
      "categoria": "Lazer",
      "valor": 125.63,
      "mes": "2020-07",
      "dia": "13"
    },
    {
      "id": 449,
      "descricao": "Padaria",
      "categoria": "Alimentação",
      "valor": 49.87,
      "mes": "2020-09",
      "dia": "06"
    },
    {
      "id": 450,
      "descricao": "Padaria",
      "categoria": "Alimentação",
      "valor": 37.49,
      "mes": "2021-03",
      "dia": "14"
    },
    {
      "id": 451,
      "descricao": "Conta do buteco",
      "categoria": "Lazer",
      "valor": 72.16,
      "mes": "2021-05",
      "dia": "22"
    },
    {
      "id": 452,
      "descricao": "Supermercado",
      "categoria": "Alimentação",
      "valor": 234.62,
      "mes": "2020-11",
      "dia": "13"
    },
    {
      "id": 453,
      "descricao": "Gasolina",
      "categoria": "Transporte",
      "valor": 91.35,
      "mes": "2021-03",
      "dia": "24"
    },
    {
      "id": 454,
      "descricao": "Farmácia",
      "categoria": "Saúde",
      "valor": 94.55,
      "mes": "2020-11",
      "dia": "24"
    },
    {
      "id": 455,
      "descricao": "Conta do buteco",
      "categoria": "Lazer",
      "valor": 67.79,
      "mes": "2020-06",
      "dia": "23"
    },
    {
      "id": 456,
      "descricao": "Aluguel",
      "categoria": "Moradia",
      "valor": 1753.06,
      "mes": "2021-05",
      "dia": "23"
    },
    {
      "id": 457,
      "descricao": "Conta de água",
      "categoria": "Moradia",
      "valor": 135.11,
      "mes": "2020-12",
      "dia": "25"
    },
    {
      "id": 458,
      "descricao": "Aluguel",
      "categoria": "Moradia",
      "valor": 1227.03,
      "mes": "2020-11",
      "dia": "23"
    },
    {
      "id": 459,
      "descricao": "Padaria",
      "categoria": "Alimentação",
      "valor": 31.32,
      "mes": "2020-07",
      "dia": "08"
    },
    {
      "id": 460,
      "descricao": "Supermercado",
      "categoria": "Alimentação",
      "valor": 324.88,
      "mes": "2021-05",
      "dia": "21"
    },
    {
      "id": 461,
      "descricao": "Padaria",
      "categoria": "Alimentação",
      "valor": 25.74,
      "mes": "2021-03",
      "dia": "04"
    },
    {
      "id": 462,
      "descricao": "Revisão do carro",
      "categoria": "Transporte",
      "valor": 1995.72,
      "mes": "2020-09",
      "dia": "15"
    },
    {
      "id": 463,
      "descricao": "Compra no shopping",
      "categoria": "Lazer",
      "valor": 44.2,
      "mes": "2021-02",
      "dia": "16"
    },
    {
      "id": 464,
      "descricao": "Gasolina",
      "categoria": "Transporte",
      "valor": 111.24,
      "mes": "2020-11",
      "dia": "06"
    },
    {
      "id": 465,
      "descricao": "Academia",
      "categoria": "Saúde",
      "valor": 97.42,
      "mes": "2021-06",
      "dia": "21"
    },
    {
      "id": 466,
      "descricao": "Conta do buteco",
      "categoria": "Lazer",
      "valor": 121.83,
      "mes": "2020-06",
      "dia": "29"
    },
    {
      "id": 467,
      "descricao": "Padaria",
      "categoria": "Alimentação",
      "valor": 26.95,
      "mes": "2020-10",
      "dia": "25"
    },
    {
      "id": 468,
      "descricao": "Gasolina",
      "categoria": "Transporte",
      "valor": 94.28,
      "mes": "2020-10",
      "dia": "31"
    },
    {
      "id": 469,
      "descricao": "Supermercado",
      "categoria": "Alimentação",
      "valor": 393.7,
      "mes": "2020-06",
      "dia": "22"
    },
    {
      "id": 470,
      "descricao": "Conta de água",
      "categoria": "Moradia",
      "valor": 161.68,
      "mes": "2021-02",
      "dia": "19"
    },
    {
      "id": 471,
      "descricao": "Restaurante",
      "categoria": "Alimentação",
      "valor": 150.38,
      "mes": "2021-05",
      "dia": "17"
    },
    {
      "id": 472,
      "descricao": "Restaurante",
      "categoria": "Alimentação",
      "valor": 106.86,
      "mes": "2020-06",
      "dia": "18"
    },
    {
      "id": 473,
      "descricao": "Padaria",
      "categoria": "Alimentação",
      "valor": 33.11,
      "mes": "2020-12",
      "dia": "21"
    },
    {
      "id": 474,
      "descricao": "Padaria",
      "categoria": "Alimentação",
      "valor": 7.52,
      "mes": "2020-07",
      "dia": "02"
    },
    {
      "id": 475,
      "descricao": "Gasolina",
      "categoria": "Transporte",
      "valor": 82.42,
      "mes": "2021-06",
      "dia": "19"
    },
    {
      "id": 476,
      "descricao": "Restaurante",
      "categoria": "Alimentação",
      "valor": 95.56,
      "mes": "2020-11",
      "dia": "29"
    },
    {
      "id": 477,
      "descricao": "Gasolina",
      "categoria": "Transporte",
      "valor": 140.81,
      "mes": "2020-06",
      "dia": "12"
    },
    {
      "id": 478,
      "descricao": "Compra no IFood",
      "categoria": "Alimentação",
      "valor": 29.6,
      "mes": "2021-05",
      "dia": "12"
    },
    {
      "id": 479,
      "descricao": "Restaurante",
      "categoria": "Alimentação",
      "valor": 93.59,
      "mes": "2020-06",
      "dia": "09"
    },
    {
      "id": 480,
      "descricao": "Academia",
      "categoria": "Saúde",
      "valor": 67.91,
      "mes": "2021-06",
      "dia": "17"
    },
    {
      "id": 481,
      "descricao": "Cinema",
      "categoria": "Lazer",
      "valor": 92.85,
      "mes": "2020-06",
      "dia": "05"
    },
    {
      "id": 482,
      "descricao": "Churrasco",
      "categoria": "Lazer",
      "valor": 126.28,
      "mes": "2020-12",
      "dia": "23"
    },
    {
      "id": 483,
      "descricao": "Padaria",
      "categoria": "Alimentação",
      "valor": 34.43,
      "mes": "2020-12",
      "dia": "23"
    },
    {
      "id": 484,
      "descricao": "Gasolina",
      "categoria": "Transporte",
      "valor": 71.68,
      "mes": "2021-03",
      "dia": "19"
    },
    {
      "id": 485,
      "descricao": "Academia",
      "categoria": "Saúde",
      "valor": 165.69,
      "mes": "2020-06",
      "dia": "07"
    },
    {
      "id": 486,
      "descricao": "Gasolina",
      "categoria": "Transporte",
      "valor": 134.85,
      "mes": "2020-12",
      "dia": "16"
    },
    {
      "id": 487,
      "descricao": "Conta do buteco",
      "categoria": "Lazer",
      "valor": 58.64,
      "mes": "2021-03",
      "dia": "27"
    },
    {
      "id": 488,
      "descricao": "Compra no IFood",
      "categoria": "Alimentação",
      "valor": 44.93,
      "mes": "2020-07",
      "dia": "04"
    },
    {
      "id": 489,
      "descricao": "Restaurante",
      "categoria": "Alimentação",
      "valor": 60.84,
      "mes": "2020-08",
      "dia": "17"
    },
    {
      "id": 490,
      "descricao": "Conta do buteco",
      "categoria": "Lazer",
      "valor": 86.94,
      "mes": "2020-12",
      "dia": "10"
    },
    {
      "id": 491,
      "descricao": "Aluguel",
      "categoria": "Moradia",
      "valor": 1912.9,
      "mes": "2021-05",
      "dia": "28"
    },
    {
      "id": 492,
      "descricao": "Salão de beleza",
      "categoria": "Outros",
      "valor": 37.49,
      "mes": "2020-08",
      "dia": "01"
    },
    {
      "id": 493,
      "descricao": "Padaria",
      "categoria": "Alimentação",
      "valor": 23.64,
      "mes": "2020-11",
      "dia": "11"
    },
    {
      "id": 494,
      "descricao": "Restaurante",
      "categoria": "Alimentação",
      "valor": 66.85,
      "mes": "2020-08",
      "dia": "11"
    },
    {
      "id": 495,
      "descricao": "Consulta médica",
      "categoria": "Saúde",
      "valor": 239.51,
      "mes": "2020-06",
      "dia": "07"
    },
    {
      "id": 496,
      "descricao": "Padaria",
      "categoria": "Alimentação",
      "valor": 42.03,
      "mes": "2020-11",
      "dia": "11"
    },
    {
      "id": 497,
      "descricao": "Conta de água",
      "categoria": "Moradia",
      "valor": 138.62,
      "mes": "2021-05",
      "dia": "01"
    },
    {
      "id": 498,
      "descricao": "Padaria",
      "categoria": "Alimentação",
      "valor": 46.39,
      "mes": "2021-05",
      "dia": "18"
    },
    {
      "id": 499,
      "descricao": "Gasolina",
      "categoria": "Transporte",
      "valor": 34.12,
      "mes": "2020-10",
      "dia": "09"
    },
    {
      "id": 500,
      "descricao": "Cinema",
      "categoria": "Lazer",
      "valor": 43.58,
      "mes": "2021-01",
      "dia": "02"
    }
  ]
}