{
  "calendars": [
    {
      "id": 1,
      "name": "Pessoal",
      "color": "#8E24AA"
    },
    {
      "id": 2,
      "name": "Trabalho",
      "color": "#7CB342"
    }
  ],
  "events": [
    {
      "id": 1,
      "date": "2021-05-23",
      "time": "14:00",
      "desc": "Reunião com o chefe",
      "calendarId": 2
    },
    {
      "id": 2,
      "date": "2021-05-28",
      "desc": "Dar vacina pro cachorro",
      "calendarId": 1
    },
    {
      "id": 3,
      "date": "2021-06-03",
      "desc": "Consulta ortopedista",
      "time": "08:30",
      "calendarId": 1
    },
    {
      "id": 4,
      "date": "2021-06-03",
      "desc": "Entrega do projeto",
      "calendarId": 2
    },
    {
      "id": 5,
      "date": "2021-04-20",
      "desc": "Revisão do carro",
      "calendarId": 1
    },
    {
      "id": 6,
      "date": "2021-05-29",
      "desc": "Natação",
      "calendarId": 1,
      "time": "09:00"
    },
    {
      "id": 7,
      "date": "2021-05-21",
      "desc": "Início das aulas",
      "calendarId": 1
    },
    {
      "date": "2021-06-17",
      "desc": "Teste 3",
      "calendarId": 2,
      "time": "07:00",
      "id": 9,
      "calendar": {
        "id": 2,
        "name": "Trabalho",
        "color": "#7CB342"
      }
    },
    {
      "id": 10,
      "date": "2021-06-17",
      "desc": "Teste 2",
      "calendarId": 1
    }
  ]
}